token_address,pool_address,symbol,name,price_usd,liquidity_usd,market_cap,lp_mc_ratio,volume_24h,age_hours,txns_24h,makers_24h,txs_maker_ratio,buy_sell_count_5m,buy_sell_count_15m,mint_revoked,freeze_revoked,transfer_fee_pct,top10_holder_pct,lp_burned_locked_pct,slippage_est_pct,rugcheck_score,rugcheck_risks,buy_sell_vol_ratio_5m,buy_sell_vol_ratio_15m,net_buy_vs_liq_1h_pct,fresh_wallet_pct,smart_money_signal,social_score,score,reasons,ko_reason,url,scanned_at
7LRpiiDzNVRdxfatA5T1iGvQmPUP46pMkpfGnqYWpump,79Z4t9ByFGV5ghcay26CqXzBKUcHrJM4Jez1Pgdb52wH,Cupsey2028,Cupsey2028 / SOL,0.0007662152468861886,67452.6646,758651.618954543,0.08891125111280049,1683793.18829064,3.798476831388889,24087,9495,2.5368088467614536,3.1491228070175437,2.5720823798627004,True,True,0.0,0.0,,2.8796591340571833,1.0,,1.0303728769021676,1.0303728769021676,0.3173677156063365,,,,63.0,dòng tiền tự nhiên (Txs/Maker 2.5) | phân phối tốt (top10 0%) | không transfer fee | MC <1M (sớm) | RugCheck ok (1),,https://www.geckoterminal.com/solana/pools/79Z4t9ByFGV5ghcay26CqXzBKUcHrJM4Jez1Pgdb52wH,2026-07-25T19:20:36.830966+00:00
8gEtFeKeRt1QREkU51dRih9pQ39PyYpRRZTyLg2v5qFn,4RM2wYs8vaFJF345Tf9CKHqNjyf6ttSKLJiYgdiFWKmV,sharkdog,sharkdog / SOL,0.000604369829479674,64907.1912,604369.8295,0.10739647816916711,2732433.15761484,8.119587913055556,51566,13080,3.942354740061162,1.320754716981132,1.3843537414965987,True,True,0.0,0.0,,2.9892153057532624,1.0,,0.9684106893792639,0.9684106893792639,-0.3069019022873476,,,,57.0,dòng tiền tự nhiên (Txs/Maker 3.9) | phân phối tốt (top10 0%) | không transfer fee | MC <1M (sớm) | RugCheck ok (1),,https://www.geckoterminal.com/solana/pools/4RM2wYs8vaFJF345Tf9CKHqNjyf6ttSKLJiYgdiFWKmV,2026-07-25T19:20:38.508704+00:00
HukaK2eHhbTyiuUwuKMntjPJP4aGdD4VwiExsNmyT8WJ,2cDmGJ24mytdZPGfvVEytGfLdAH6387YEABXwcJY1mLg,BOT,BOT / SOL,0.0016669931409921761,131456.9888,1660282.4481115,0.0791774851017227,18551741.5423359,1.433217523611111,145350,32634,4.453943739658025,1.0052724077328647,1.2776405188387894,True,True,0.0,9.25,,1.4986101649552581,1.0,,0.8704368025260618,0.8704368025260618,-1.2151296659862072,,,55.3,64.0,dòng tiền tự nhiên (Txs/Maker 4.5) | không transfer fee | RugCheck ok (1) | organicScore 75 (cao) | holder tăng 1h +36.5% | social score 55,,https://www.geckoterminal.com/solana/pools/2cDmGJ24mytdZPGfvVEytGfLdAH6387YEABXwcJY1mLg,2026-08-11T18:13:44.142308+00:00
LFEJTxJ9yi6ojGDFpjbGfABLbH55Fc3oEK8syJJpump,8TbYi38UqcedfptvjN2rURLbGbGub3itp2hgLvvS35hY,DPG,DPG / SOL,0.0009414171754986624,74317.8258,920023.848322685,0.0807781514962796,1323452.2373137,13.645812420555556,9233,6097,1.5143513203214696,0.5,1.0769230769230769,True,True,0.0,7.56,,2.6206197294472715,1.0,,0.8860206782326383,0.9111407962085758,3.5128673774620327,,,46.2,57.0,Txs/Maker 1.5 (ít giao dịch/ví) | không transfer fee | MC <1M (sớm) | RugCheck ok (1) | organicScore 41 | holder tăng 1h +0.2%,,https://www.geckoterminal.com/solana/pools/8TbYi38UqcedfptvjN2rURLbGbGub3itp2hgLvvS35hY,2026-08-13T04:25:40.643359+00:00
GRehQKv9E3fVuNJGQTwAAjYpcixRCYKkzAXAb5kGpump,63jzRKaFYryriZeEt1y7hzBmv2KFX48TWsXzEoiGK6ar,BOIÚNA,BOIÚNA / SOL,0.0006754813382569788,82626.8104,681666.694479096,0.12121291984661257,13922824.1434978,3.5950430272222222,121908,25048,4.866975407218141,2.6341463414634148,1.9402061855670103,True,True,0.0,14.13,,2.363317240182787,1.0,,0.8403147814623819,0.7747220084102819,-1.9210205532362845,,,54.1,68.0,dòng tiền tự nhiên (Txs/Maker 4.9) | không transfer fee | MC <1M (sớm) | RugCheck ok (1) | organicScore 75 (cao) | holder tăng 1h +7.4% | social score 54,,https://www.geckoterminal.com/solana/pools/63jzRKaFYryriZeEt1y7hzBmv2KFX48TWsXzEoiGK6ar,2026-08-13T05:53:48.191208+00:00
GJaxyLPuZh5U2U4LgAVdGGC6KYRVXZp8t91P2vzaCHAM,DrrzhfxDQd6L6iPAyKwNUSkixTTtGn9w3EgBPxUUpYHz,CHAM,CHAM / SOL,0.0006727142089654709,70956.0507,672630.6861,0.10549035624796185,6583567.81062941,15.99137875611111,69470,21093,3.2935096951595315,1.0357142857142858,1.1587301587301588,True,True,0.0,17.25,,2.741376459951388,1701.0,Symbol Mismatch | Mutable metadata | Name Mismatch,0.6914628263486314,0.5343739923340771,-9.271993421157019,,,60.0,68.0,"dòng tiền tự nhiên (Txs/Maker 3.3) | không transfer fee | MC <1M (sớm) | RugCheck ok (1701) | risks: Symbol Mismatch, Mutable metadata, Name Mismatch | organicScore 75 (cao) | social score 60",,https://www.geckoterminal.com/solana/pools/DrrzhfxDQd6L6iPAyKwNUSkixTTtGn9w3EgBPxUUpYHz,2026-08-13T15:38:26.354550+00:00
Dmkj4dB3Ngva9gWKkDgj8UMF39EC7ArpGf2rxLxDpump,Cj2ohyuHe2kTjexd4erbBBxcKFqAb4tEEBiVLhNpJ6gS,FTR,FTR / SOL,0.0009790334566576692,82579.9449,950381.595785683,0.08689135528948343,3809835.06681057,3.9344014330555557,60685,14541,4.17337184512757,1.059278350515464,1.0831117021276595,True,True,0.0,17.95,,2.3646267473508367,1.0,,1.1092527989156329,1.1092527989156329,2.0346511862707883,,,63.3,74.0,dòng tiền tự nhiên (Txs/Maker 4.2) | không transfer fee | MC <1M (sớm) | RugCheck ok (1) | organicScore 82 (cao) | holder tăng 1h +53.8% | social score 63,,https://www.geckoterminal.com/solana/pools/Cj2ohyuHe2kTjexd4erbBBxcKFqAb4tEEBiVLhNpJ6gS,2026-08-14T17:08:44.376795+00:00
4xMegMRMd2TFQEXxv39vtMP1r5fFVuA7VcaSmAhLpump,CQgKRgmVpaRtRPaxFFDZo9aPS8EoZp29WfGwkyg54ZdF,GUNICORN,GUNICORN / SOL,0.0007190097089510047,77466.5576,716766.4439,0.10807782403776674,9206008.41764602,2.7590189172222224,103495,23498,4.404417397225296,1.1076923076923078,1.2343173431734318,True,True,0.0,21.52,,2.5167819777309695,1.0,,0.8778826850545245,0.8778826850545245,-2.172652340303492,,,39.8,56.0,dòng tiền tự nhiên (Txs/Maker 4.4) | không transfer fee | MC <1M (sớm) | RugCheck ok (1) | organicScore 75 (cao),,https://www.geckoterminal.com/solana/pools/CQgKRgmVpaRtRPaxFFDZo9aPS8EoZp29WfGwkyg54ZdF,2026-08-15T21:51:53.514898+00:00
RmtMAYVTTFv2iK9muMrXEoAnSSsZPPgRPbqZCKwNDYk,5Jm4GnWPt62kphmhEET6rjzzFjvsfNxNqdpEuGwp2U9q,EYE,EYE / SOL,0.0026844214285151103,172344.1968,2709910.146,0.06359775325185266,24542075.5831332,3.5569082697222223,168536,43467,3.8773322290473233,1.263076923076923,1.1914609739826552,True,True,0.0,14.09,,1.147156049188326,1.0,,1.267941759911303,1.267941759911303,1.4359234278013218,,,48.3,55.0,dòng tiền tự nhiên (Txs/Maker 3.9) | không transfer fee | RugCheck ok (1) | organicScore 92 (cao) | holder tăng 1h +9.8%,,https://www.geckoterminal.com/solana/pools/5Jm4GnWPt62kphmhEET6rjzzFjvsfNxNqdpEuGwp2U9q,2026-08-17T19:25:45.921909+00:00
7fDdLy2rmQKsPCkqUXEd1mN7yDfEzArc4VrctWmfkJBK,2C7PaLGC7wtQZWR9wa7QT2bthqTDyzcBL6BEYFGdSA5e,Z500,Z500 / SOL,0.0016591974513247728,126001.342,1640762.59592855,0.07679437739052833,16316049.8875728,3.808998211388889,124081,33166,3.7412108786106253,0.989247311827957,1.1213171577123051,True,True,0.0,15.25,,1.562483618335814,1.0,,1.167357589250099,1.167357589250099,1.474782917597733,,,40.5,55.0,dòng tiền tự nhiên (Txs/Maker 3.7) | không transfer fee | RugCheck ok (1) | organicScore 75 (cao),,https://www.geckoterminal.com/solana/pools/2C7PaLGC7wtQZWR9wa7QT2bthqTDyzcBL6BEYFGdSA5e,2026-08-17T19:48:40.338787+00:00
7MQSupJTpY31HGChEHUAsS1pQhLSrHS5CCsB9bnaN3eS,ExoRMH6uApXi6abtqfNbcbDsDYvNP5ZC6cYybzZVUoLH,Z,Z / SOL,0.0008959495525120857,77176.9238,874081.921681365,0.0882948404327413,3881959.47252573,4.894864703888889,40984,12785,3.2056315995307,0.9803921568627451,1.11,True,True,0.0,13.84,,2.525988512829795,9062.0,Large Amount of LP Unlocked,1.339750009862097,1.0632433084335793,1.01397498290449,,,44.4,66.0,dòng tiền tự nhiên (Txs/Maker 3.2) | không transfer fee | MC <1M (sớm) | RugCheck ok (9062) | risks: Large Amount of LP Unlocked | organicScore 85 (cao) | holder tăng 1h +7.1%,,https://www.geckoterminal.com/solana/pools/ExoRMH6uApXi6abtqfNbcbDsDYvNP5ZC6cYybzZVUoLH,2026-08-17T22:28:44.158512+00:00
DLYQBXkRo43Ct96fd9Cr7y5tZP5yQKUBLMTZU92epump,6VZYoRYbZzeLtUf6BEJJgreKK2EEhq2bx2UNU3EvibLc,67coin,67coin / SOL,0.001469749009360434,110665.9877,1428299.09267224,0.07748096198321619,12049017.1510025,1.7559828405555555,115249,27966,4.121039834084245,1.3753439735828288,1.3094494658997535,True,True,0.0,13.62,,1.7751586266881856,1.0,,0.9566712026462914,0.9566712026462914,-0.667277432821366,,,63.7,59.0,dòng tiền tự nhiên (Txs/Maker 4.1) | không transfer fee | RugCheck ok (1) | organicScore 87 (cao) | holder tăng 1h +152.7% | social score 64,,https://www.geckoterminal.com/solana/pools/6VZYoRYbZzeLtUf6BEJJgreKK2EEhq2bx2UNU3EvibLc,2026-08-18T13:11:29.059135+00:00
7g2xyrq9Fk1TvFiqqcmLJAQ9jAtfHobmrdzzM9Dp2SpV,EcGDaedZL6ZPqKHyQThL6epLS1KuHtk94jWcRWXAC8mn,CLUG,CLUG / SOL,0.00044729471634225086,65397.3248,448004.233302708,0.14597479206365505,10739003.9989204,7.685075473055555,137093,33103,4.141407123221461,0.9661016949152542,0.9707602339181286,True,True,0.0,13.09,,2.9674768337392523,1.0,,0.8709619466202376,0.8709619466202376,-2.3626686419748864,,,51.7,68.0,dòng tiền tự nhiên (Txs/Maker 4.1) | không transfer fee | MC <1M (sớm) | RugCheck ok (1) | organicScore 75 (cao) | holder tăng 1h +2.5% | social score 52,,https://www.geckoterminal.com/solana/pools/EcGDaedZL6ZPqKHyQThL6epLS1KuHtk94jWcRWXAC8mn,2026-08-19T09:24:35.286361+00:00
FtXH4AAgR8KMBR8zDfTfHnYdSStw2Am3iwq8TpoHpump,F1w2HgzJHTGVhDdH8u95gjSuWTjchGJfmukTyhXnTJYx,Intismeran,Intismeran / SOL,0.0022024151172542615,146486.4403,2303526.429,0.06359225509888863,12642321.8648938,2.4088377069444444,124298,30658,4.054341444321222,1.1356321839080459,1.3830954994511526,True,True,0.0,14.49,,1.346924335959046,1.0,,0.9070074557206114,0.9070074557206114,-0.7632176747259325,,,65.4,59.0,dòng tiền tự nhiên (Txs/Maker 4.1) | không transfer fee | RugCheck ok (1) | organicScore 90 (cao) | holder tăng 1h +32.3% | social score 65,,https://www.geckoterminal.com/solana/pools/F1w2HgzJHTGVhDdH8u95gjSuWTjchGJfmukTyhXnTJYx,2026-08-19T14:24:35.751720+00:00
2UKkazisyXfWUyLT4eqCgvEV6KNaxqwkHU49htQppump,CbR6d3qmFhttCmKd9LwKdyeZXRPVU2jmtis9Gb2A9KyK,ANSEMBULL,ANSEMBULL / SOL,0.0002639754973296913,196740.8818,261869.020343143,0.7512949853411388,3083551.61547186,18.429328577777778,112317,18224,6.163136523266023,14,182,True,True,0.0,9.43,,1.0063354765692702,1817.0,Low Liquidity,1.3549509025445623e-05,4.2275275248168006e-05,-1.2163971526300989e-05,,,50.1,58.0,Txs/Maker 6.2 (hơi cao) | LP/MC 75% (dày) | không transfer fee | MC <1M (sớm) | RugCheck ok (1817) | risks: Low Liquidity | organicScore 56 | social score 50,,https://www.geckoterminal.com/solana/pools/CbR6d3qmFhttCmKd9LwKdyeZXRPVU2jmtis9Gb2A9KyK,2026-08-20T06:47:41.799403+00:00
EpXtn6xGoZ4Y45vRjiDUHSCGbBoJD5FaEqZbF98YswH1,CwqkkPwKcTXAr4xYw8FKykBYY6x6iaJKrjJdNShiQp8A,MADE,MADE / SOL,0.0018714672985430969,118222.1138,1815595.48,0.06511478746355989,3305832.88653442,9.292754009444444,34721,11314,3.0688527488067883,0.8888888888888888,1.0959079283887467,True,True,0.0,26.06,,1.6635874522445804,1.0,,1.0882448649891796,1.0882448649891796,1.256905950578917,,,61.5,67.0,dòng tiền tự nhiên (Txs/Maker 3.1) | không transfer fee | RugCheck ok (1) | organicScore 82 (cao) | holder tăng 1h +49.2% | social score 62,,https://www.geckoterminal.com/solana/pools/CwqkkPwKcTXAr4xYw8FKykBYY6x6iaJKrjJdNShiQp8A,2026-08-20T10:48:53.388804+00:00
GiAXHqgpNXcjMTRVDvUk2kr4ZnARePn8Zg7nCTTZpump,myCtbntg5RyEgzrqi6URsVCXDMCrS1QWBde4UQYrjoq,RIKA,RIKA / SOL,0.000962741417884726,89466.8152,967774.943388521,0.09244588921340034,6026829.47427452,16.802889975,198601,21617,9.187260026830735,2.0506912442396312,1.902962206332993,True,True,0.0,7.43,,2.1865853704721534,1.0,,1.7123863558988748,1.7123863558988748,1.2523829954509487,,,42.2,71.0,Txs/Maker 9.2 (hơi cao) | buy/sell vol 5m 1.71 | buy/sell vol 15m 1.71 | không transfer fee | MC <1M (sớm) | RugCheck ok (1) | organicScore 66 | holder tăng 1h +23.9%,,https://www.geckoterminal.com/solana/pools/myCtbntg5RyEgzrqi6URsVCXDMCrS1QWBde4UQYrjoq,2026-08-21T17:15:31.518275+00:00
EjAuFtMEP6LQDgLb11JU9bkcskhFYbgd9Q5NRXJppump,GCbqindK6zYHdhyaiFdtXzqB2r2TqqWaBKnn4YR3KtLP,Doge2,Doge2 / SOL,0.0005471486012854761,68205.0234,562981.4841,0.1211496742366842,3248675.62158829,8.328002210277779,44214,12477,3.5436402981485933,1.0769230769230769,1.6666666666666667,True,True,0.0,14.52,,2.848798993491967,1.0,,0.8739824795646464,0.9103072011259399,-1.4753059615343103,,,58.1,68.0,dòng tiền tự nhiên (Txs/Maker 3.5) | không transfer fee | MC <1M (sớm) | RugCheck ok (1) | organicScore 75 (cao) | holder tăng 1h +0.7% | social score 58,,https://www.geckoterminal.com/solana/pools/GCbqindK6zYHdhyaiFdtXzqB2r2TqqWaBKnn4YR3KtLP,2026-08-22T13:20:07.798108+00:00
918p2GRyDLkhsRvtAHaKZg8yrP5kXSe6CYustqTcpump,6fgFnwuRY3nBLbrTyER39oCezdm67r5zCAh4DtGBeLmD,CATSZN,CATSZN / SOL,0.0008079211274193279,81729.91,799213.469475127,0.10226292864367645,7001900.2062274,13.01460167111111,156827,18958,8.272338854309526,2.292225201072386,1.8815028901734103,True,True,0.0,4.58,,2.3886326881278146,1.0,,0.9801642987387035,0.9801642987387035,-0.048279623367101135,,,57.9,59.0,Txs/Maker 8.3 (hơi cao) | phân phối tốt (top10 5%) | không transfer fee | MC <1M (sớm) | RugCheck ok (1) | organicScore 62 | holder tăng 1h +9.5% | social score 58,,https://www.geckoterminal.com/solana/pools/6fgFnwuRY3nBLbrTyER39oCezdm67r5zCAh4DtGBeLmD,2026-08-22T15:21:16.522117+00:00
4978aTN9W3CDuUREGxAQaBYqhPXt8142N4o4Sfgzpump,6wbrYQVrcL3sxtKEaXWMopqy5WQUXo5uJEv8W7xYUNGB,YOMOGI,YOMOGI / SOL,0.0005425050087059326,76023.7555,589645.3893,0.12893131512526862,7164836.71857537,3.3333353830555557,66939,15171,4.412299782479731,1.4264705882352942,1.215756490599821,True,True,0.0,13.86,,2.563321884704717,1.0,,1.4457458898366273,1.4457458898366273,4.61387415172717,,,52.1,94.0,dòng tiền tự nhiên (Txs/Maker 4.4) | buy/sell vol 5m 1.45 | buy/sell vol 15m 1.45 | không transfer fee | MC <1M (sớm) | RugCheck ok (1) | organicScore 75 (cao) | holder tăng 1h +9.2% | social score 52,,https://www.geckoterminal.com/solana/pools/6wbrYQVrcL3sxtKEaXWMopqy5WQUXo5uJEv8W7xYUNGB,2026-08-23T04:19:31.385702+00:00
3kvZYBrBPEySFwQfXZGEvJSeMWRa6BkTS34suBEYpump,CwBoViDDJjpMwvahCKLyr5wXs3XqxBz8fKDLKKyFek2V,Dinger,Dinger / SOL,0.0023144345553705796,136350.5655,2319469.68065086,0.05878523295106795,6764874.25831114,6.413277605833334,51768,18879,2.742094390592722,1.0921985815602837,1.4086879432624113,True,True,0.0,27.07,,1.4456030539318612,1.0,,0.9986552403860484,0.9986552403860484,-0.019076513850175506,,,57.5,59.0,dòng tiền tự nhiên (Txs/Maker 2.7) | không transfer fee | RugCheck ok (1) | organicScore 75 (cao) | holder tăng 1h +18.8% | social score 58,,https://www.geckoterminal.com/solana/pools/CwBoViDDJjpMwvahCKLyr5wXs3XqxBz8fKDLKKyFek2V,2026-08-23T07:59:52.673630+00:00
FW6R4QQeP4fzqRwDHbBkpjHx3ecvYwhd5g7chKg8pump,DieqtfWVvUtMRoXAeRjJw51JG8gWouxugQca82tiJZpC,WINNING,WINNING / SOL,0.0010078310661339935,91380.7685,990455.083114948,0.09226139585513617,5580006.1236755,18.73454238388889,96962,22340,4.3402864816472695,1.6470588235294117,1.8164556962025316,True,True,0.0,5.91,,2.1417686233755937,1.0,,1.3765567908705079,1.40102660133255,1.0702901892324206,,,30.1,80.0,dòng tiền tự nhiên (Txs/Maker 4.3) | buy/sell vol 15m 1.40 | phân phối tốt (top10 6%) | không transfer fee | MC <1M (sớm) | RugCheck ok (1) | organicScore 51 | holder tăng 1h +0.1%,,https://www.geckoterminal.com/solana/pools/DieqtfWVvUtMRoXAeRjJw51JG8gWouxugQca82tiJZpC,2026-08-23T13:50:00.469751+00:00
9HHTQ7YMx82E987cNqF9KczyZrfKgqvKNyA2yHSVpump,6iZLyDGGUEsBMKU9cLaxmxcguL99F6dhSRVcCUysBBTt,CYBERCAT,CYBERCAT / SOL,0.000762132292571217,77591.3063,748686.029964535,0.10363664232345228,3294274.7095561,4.446942286666667,49726,26060,1.9081350729086723,1.7849462365591398,1.6299435028248588,True,True,0.0,21.51,,2.5128372594633497,1.0,,1.0873388784320421,1.0873388784320421,0.8225008598412086,,,42.1,55.0,Txs/Maker 1.9 (ít giao dịch/ví) | không transfer fee | MC <1M (sớm) | RugCheck ok (1) | organicScore 80 (cao) | holder tăng 1h +12.7%,,https://www.geckoterminal.com/solana/pools/6iZLyDGGUEsBMKU9cLaxmxcguL99F6dhSRVcCUysBBTt,2026-08-23T18:00:38.127346+00:00
4cvZwC17oMiUA7peKX5GhbaUWv4U5Lwrd8118xnFpump,FvYok1cEnymtxGPXbLhyMVUBq2iEVGQ18Uj4K7vKoJ5Q,CATALORIAN,CATALORIAN / SOL,0.0008277609286264875,83302.3484,816759.105338364,0.1019913311716186,9290580.64513729,27.124711156388887,196944,33764,5.832958180310389,5.130434782608695,4.303370786516854,True,True,0.0,2.99,,2.3446013357353244,2201.0,High holder correlation,2.3768276783138056,0.7213739169442429,-1.500928774837573,,,59.7,82.0,dòng tiền tự nhiên (Txs/Maker 5.8) | buy/sell vol 5m 2.38 | phân phối tốt (top10 3%) | không transfer fee | MC <1M (sớm) | RugCheck ok (2201) | risks: High holder correlation | organicScore 65 | social score 60,,https://www.geckoterminal.com/solana/pools/FvYok1cEnymtxGPXbLhyMVUBq2iEVGQ18Uj4K7vKoJ5Q,2026-08-24T14:52:20.764622+00:00
6Hebn672FvMSq61mo4HYq86QgLHgBUm6y8A9bXGppump,6VKQKCnQLJqnLkaBoYKKa6L5gpvSjY2BBWRMevSPPJoJ,BATON,BATON / SOL,0.0014137997134170018,125024.6437,1301506.3259745,0.09606149521124153,10639343.4316542,5.780307664722223,121310,28289,4.288239244936194,0.85,0.9790575916230366,True,True,0.0,16.02,,1.5744976264003487,1.0,,1.2804285416741337,1.2804285416741337,2.931250782543731,,,57.6,71.0,dòng tiền tự nhiên (Txs/Maker 4.3) | không transfer fee | RugCheck ok (1) | organicScore 87 (cao) | holder tăng 1h +1.5% | social score 58,,https://www.geckoterminal.com/solana/pools/6VKQKCnQLJqnLkaBoYKKa6L5gpvSjY2BBWRMevSPPJoJ,2026-08-25T05:07:15.148238+00:00
GeSfrQiscfsEv4Hx2TKaB9Nfid12qND1YYRYS1vSpump,DSX8gY83K3bB7bsgCoBrPVnPWyw7KkVrDmktX6tmNRqs,GrokBot,GrokBot / SOL,0.0035773399308015245,178315.875,3550501.45854378,0.05022272968538234,4501172.31499681,25.59887351833333,43563,27879,1.5625739804153664,0.6666666666666666,1.4375,True,True,0.0,9.98,,1.1091646811463494,1.0,,0.20959049486512182,0.43860945813603636,0.36158180315199034,,,56.6,57.0,Txs/Maker 1.6 (ít giao dịch/ví) | không transfer fee | RugCheck ok (1) | organicScore 70 (cao) | holder tăng 1h +0.3% | social score 57,,https://www.geckoterminal.com/solana/pools/DSX8gY83K3bB7bsgCoBrPVnPWyw7KkVrDmktX6tmNRqs,2026-08-25T06:03:23.743580+00:00
FZqdw6oSDCbHtKYxmhnfbi97SnyVy8jaYpdCoMrrjKa2,22CfmLna8Bsh7xrbyvGSs6NdD31iFj1UFVnwB7EberWU,Pistacio,Pistacio / SOL,0.005445010181348364,285612.2221,5313722.5119829,0.053749931701536906,35959651.5787416,25.90630883472222,247236,60212,4.1060918089417395,0.9318181818181818,0.8074324324324325,True,True,0.0,11.49,,0.6953807405669357,1.0,,1.4578305058346155,1.0496069871296871,0.24853666777709923,,,41.6,66.0,dòng tiền tự nhiên (Txs/Maker 4.1) | buy/sell vol 5m 1.46 | không transfer fee | RugCheck ok (1) | organicScore 75 (cao),,https://www.geckoterminal.com/solana/pools/22CfmLna8Bsh7xrbyvGSs6NdD31iFj1UFVnwB7EberWU,2026-08-26T21:16:46.320103+00:00
AjRVGoH8Tu8fEjyX6q3DzGusGxjKT68Y7DcgsSiPpump,3TgHgp7edGZotuRVTPPgmz45ebrS8FEE9gbe7J3TdWV7,RETIREMENT,RETIREMENT / SOL,0.0006722730069324158,79742.907,630415.153454624,0.12649268749809603,6618208.32614948,1.463907823888889,80013,20739,3.8580934471285984,1.2275862068965517,1.2437987243090007,True,True,0.0,17.75,,2.4466954668005627,1.0,,0.9698934594706523,0.9698934594706523,-0.6175998970733885,,,55.3,68.0,dòng tiền tự nhiên (Txs/Maker 3.9) | không transfer fee | MC <1M (sớm) | RugCheck ok (1) | organicScore 83 (cao) | holder tăng 1h +16.4% | social score 55,,https://www.geckoterminal.com/solana/pools/3TgHgp7edGZotuRVTPPgmz45ebrS8FEE9gbe7J3TdWV7,2026-08-29T17:08:24.219958+00:00
BKXtSJWJk8s6DGEv71a3HohqHMhzn1iXLAzxMm6ZXjmy,3BJjyr6E33WqjdnjoqSkbPLFYNHEFSXyZxVJV4wSYA3U,GPRO,GPRO / SOL,0.0033059598472634883,199096.9946,3236450.16904961,0.06151708946548225,12854224.0692581,6.310536588888889,118380,28676,4.12819082159297,1.1428571428571428,1.297805642633229,True,True,0.0,13.82,,0.9945449478139541,2001.0,Copycat token,1.1116225750124409,1.1413908849802819,0.4962372575788107,,,68.0,61.0,dòng tiền tự nhiên (Txs/Maker 4.1) | không transfer fee | RugCheck ok (2001) | risks: Copycat token | organicScore 89 (cao) | holder tăng 1h +5.6% | social score 68,,https://www.geckoterminal.com/solana/pools/3BJjyr6E33WqjdnjoqSkbPLFYNHEFSXyZxVJV4wSYA3U,2026-09-01T06:48:40.865770+00:00
H76u9jTTbMtEF5JGmqXM2wW6xqMXpvTdVyer4RvKpump,3VLpiEBR9S31uDgBQUTz3hEtZt5YAUK2225iY54npghL,Pumpooor,Pumpooor / SOL,0.0012199958796592786,111576.1105,1209307.79361046,0.0922644434192249,3321544.64359084,35.27974478972222,270701,19444,13.922083933347048,1.4083333333333334,1.5982222222222222,True,True,0.0,8.91,,1.7609336956472024,1.0,,1.916220752378487,1.916220752378487,1.528287406913012,,,43.6,66.0,Txs/Maker 13.9 (hơi cao) | buy/sell vol 5m 1.92 | buy/sell vol 15m 1.92 | không transfer fee | RugCheck ok (1) | organicScore 61,,https://www.geckoterminal.com/solana/pools/3VLpiEBR9S31uDgBQUTz3hEtZt5YAUK2225iY54npghL,2026-09-03T13:52:10.949196+00:00
H22aquDouZNFyfykwnXmY5Y9z5sMQtLFy5tUKR99pump,FNFAKndFFyNzJ9o6VwVBtXXQHVUGVMAwRRoXCgB4Dk1y,NINA,NINA / SOL,0.00047824456473887243,70884.2311,465957.272236484,0.15212603241445846,6155020.9656183,21.266711716666666,98653,27313,3.611943030791198,1.5555555555555556,1.0710059171597632,True,True,0.0,18.96,,2.744077792706521,1.0,,0.7539315941993009,0.7028136434710447,-3.5246065368111985,,,58.1,75.0,dòng tiền tự nhiên (Txs/Maker 3.6) | LP/MC 15% (dày) | không transfer fee | MC <1M (sớm) | RugCheck ok (1) | organicScore 75 (cao) | holder tăng 1h +3.8% | social score 58,,https://www.geckoterminal.com/solana/pools/FNFAKndFFyNzJ9o6VwVBtXXQHVUGVMAwRRoXCgB4Dk1y,2026-09-14T13:24:35.760642+00:00
A9AHYeqb7nQk7LZUraw7rBCzYRjy2DRvE6NqWfFHKRdH,BNpwtuYGve7G1v2NFaRQVCFvcU4CzjvwAmdUxEVQYvrd,HUHCAT,HUHCAT / SOL,0.0007192873772674778,80203.5301,710875.9768,0.11282352016034537,4211077.19388008,7.821840413333334,49137,16357,3.004034969737727,2.142857142857143,1.8958333333333333,True,True,0.0,16.59,,2.432985539145356,1.0,,1.1927576512089868,0.8469258591324524,-0.4170519118069366,,,51.0,68.0,dòng tiền tự nhiên (Txs/Maker 3.0) | không transfer fee | MC <1M (sớm) | RugCheck ok (1) | organicScore 75 (cao) | social score 51,,https://www.geckoterminal.com/solana/pools/BNpwtuYGve7G1v2NFaRQVCFvcU4CzjvwAmdUxEVQYvrd,2026-09-15T10:02:20.152782+00:00
4R2vepDVY7Gdcm2VKuAy6EbBfWsYSEsDJou1QGKuMfnf,DAbSqjHryfMDqN6Vj4YF28SSmZftHBYzueM8ykTyQPHZ,POT,POT / SOL,0.0005852704344121235,67315.654,585270.4344,0.1150163241527992,5040261.79610177,15.04620796861111,60691,17584,3.4514899909008188,1,1,True,True,0.0,16.31,,2.8853511214075827,1.0,,6.94230219715328,6.94230219715328,-0.2901652671472514,,,58.1,86.0,dòng tiền tự nhiên (Txs/Maker 3.5) | buy/sell vol 5m 6.94 | buy/sell vol 15m 6.94 | không transfer fee | MC <1M (sớm) | RugCheck ok (1) | organicScore 75 (cao) | social score 58,,https://www.geckoterminal.com/solana/pools/DAbSqjHryfMDqN6Vj4YF28SSmZftHBYzueM8ykTyQPHZ,2026-09-16T16:44:04.027915+00:00
7GPGqsfVK1gG88GuVEetrsVyDiikABTsj9B9aHEHpump,F8sLh2baV3McR7VQorzdpcMzVAvE3sJovEeESe3oVGMH,lockinu,lockinu / SOL,0.0007751483367115361,75214.809,775148.3367,0.09703279416196417,2607103.06725835,4.604263543333333,41091,13937,2.9483389538638156,0.0,0.0,True,True,0.0,18.47,,2.59017671079132,10001.0,High market cap per holder,,0.0,-2.508785214661363,,,60.6,70.0,dòng tiền tự nhiên (Txs/Maker 2.9) | không transfer fee | MC <1M (sớm) | RugCheck ok (10001) | risks: High market cap per holder | organicScore 81 (cao) | holder tăng 1h +6.3% | social score 61,,https://www.geckoterminal.com/solana/pools/F8sLh2baV3McR7VQorzdpcMzVAvE3sJovEeESe3oVGMH,2026-09-16T16:44:05.903378+00:00
9U1f18idDeySFnYrurxqT1f5n5nE4g4Uk5LLzP69bh1,9Hr6NXw5WSffxNQnqxwZyhRw81uz3PpB7RF9J3i9nMt1,SOLCAT,SOLCAT / SOL,0.0009652727795150861,103490.4053,957242.78603448,0.10811301668694139,8277932.25676364,11.098539085833332,101179,26401,3.8323927123972577,1.2173913043478262,0.8961038961038961,True,True,0.0,14.15,,1.8959070204653012,10001.0,High market cap per holder,,,,,,62.0,66.0,dòng tiền tự nhiên (Txs/Maker 3.8) | không transfer fee | MC <1M (sớm) | RugCheck ok (10001) | risks: High market cap per holder | organicScore 82 (cao) | social score 62,,https://www.geckoterminal.com/solana/pools/9Hr6NXw5WSffxNQnqxwZyhRw81uz3PpB7RF9J3i9nMt1,2026-09-18T06:22:14.724085+00:00
7qVyANei9jYf173z4FBKcmKp3nXDDBKiXAWh7aT2perk,Bt3X28mcx4EAYwiRNdepCdUg42LF7fa1SQMrgkPVivMu,PERK,PERK / SOL,0.0017304767788007757,131093.1801,1726640.61101015,0.07592383687958407,6271181.44880784,9.122983509166668,27172,10779,2.5208275350218017,0.8255813953488372,1.1719745222929936,True,True,0.0,14.8,,1.502706598863513,10001.0,High market cap per holder,0.6548960624936406,1.047985170557345,1.305179589121195,,,49.8,57.0,dòng tiền tự nhiên (Txs/Maker 2.5) | không transfer fee | RugCheck ok (10001) | risks: High market cap per holder | organicScore 84 (cao) | holder tăng 1h +5.1%,,https://www.geckoterminal.com/solana/pools/Bt3X28mcx4EAYwiRNdepCdUg42LF7fa1SQMrgkPVivMu,2026-09-18T06:22:17.039307+00:00
8k4sBtEeK4pf26noKqApv8NBTnuSJcbdwpKYknk5PbAA,2i2iULr7UwK1SDRB17T5FUtiMnFQL7fyy7rh69brZihc,CALI,CALI / SOL,0.0008020739041457976,84261.3341,801836.25043477,0.10508546358974415,2037885.53936838,26.85827074222222,18773,7250,2.5893793103448277,1.0,1.3333333333333333,True,True,0.0,13.6,,2.3185359012433824,10501.0,High market cap per holder | Low amount of LP Providers,0.7598528983541,1.4279804895417751,6.76526843800571,,,64.1,86.0,"dòng tiền tự nhiên (Txs/Maker 2.6) | buy/sell vol 15m 1.43 | không transfer fee | MC <1M (sớm) | RugCheck ok (10501) | risks: High market cap per holder, Low amount of LP Providers | organicScore 77 (cao) | holder tăng 1h +6.8% | social score 64",,https://www.geckoterminal.com/solana/pools/2i2iULr7UwK1SDRB17T5FUtiMnFQL7fyy7rh69brZihc,2026-09-18T15:05:09.171278+00:00
AyYNfPtftg2zDP4ZbgcoQMggQtwLh4zpfVVmUJs2thto,ASgoadVEDL8zJn6KLUiMSh9m8x2yYAEZPsUSpvxHj3LY,Tilcayo,Tilcayo / SOL,0.001711939832358083,144413.1417,1684814.11576953,0.0857145843854947,10416928.9071034,23.871881832222222,99058,25339,3.9093097596590236,1.50990099009901,1.0628887353144436,True,True,0.0,13.33,,1.3659975988343949,10001.0,High market cap per holder,1.0501626355772702,1.0501626355772702,0.9176892034443145,,,46.0,61.0,dòng tiền tự nhiên (Txs/Maker 3.9) | không transfer fee | RugCheck ok (10001) | risks: High market cap per holder | organicScore 88 (cao) | holder tăng 1h +12.9%,,https://www.geckoterminal.com/solana/pools/ASgoadVEDL8zJn6KLUiMSh9m8x2yYAEZPsUSpvxHj3LY,2026-09-18T15:05:10.986530+00:00
91ryaCo5yGpYZM3bs6GUPs97VWJQj7RozBmqPULgpump,2fwy38cJcChCVySA9cd5SAFaEPtZQWN2ssFip43hnsHU,TIGRINO,TIGRINO / SOL,0.002959006029733401,187310.3353,3004075.567,0.062352071751329556,10288577.4634385,9.8694025475,82014,21979,3.731470949542745,1.4233128834355828,1.4748858447488584,True,True,0.0,15.44,,1.056466355537642,10001.0,High market cap per holder,1.2042184955242363,1.2042184955242363,1.952140343924176,,,57.2,61.0,dòng tiền tự nhiên (Txs/Maker 3.7) | không transfer fee | RugCheck ok (10001) | risks: High market cap per holder | organicScore 86 (cao) | holder tăng 1h +5.5% | social score 57,,https://www.geckoterminal.com/solana/pools/2fwy38cJcChCVySA9cd5SAFaEPtZQWN2ssFip43hnsHU,2026-09-18T20:59:10.701036+00:00
fvHLJUwsynVHJrssbZ8MLNyku9jt2izUspbBD4Spump,8qwgwpdfbBMNhdG76bDmtvLeSqtG9cEwuGGy6wGKhTB9,FLEX,FLEX / SOL,0.0010418574423583838,101662.2712,1041857.442,0.09757790951211538,8154092.50701141,26.908333644444443,41803,11649,3.588548373250923,2.0,1.6415094339622642,True,True,0.0,17.64,,1.9293422542723526,1.0,,1.0800060578455744,0.74250994958132,-4.557817608164419,,,58.5,63.0,dòng tiền tự nhiên (Txs/Maker 3.6) | không transfer fee | RugCheck ok (1) | organicScore 75 (cao) | social score 58,,https://www.geckoterminal.com/solana/pools/8qwgwpdfbBMNhdG76bDmtvLeSqtG9cEwuGGy6wGKhTB9,2026-09-20T05:13:19.720056+00:00
GTBxUiw6wJdmmkCGZgRHLyYxqu1vG4KtRpeox6yDpump,4R8CiMnJWDNoes3fQi1ccPFJygPXazaHaWpHrN3rZeNj,JEANPHIL,JEANPHIL / SOL,0.003025937718298463,175682.5529,3006583.991,0.05843261103827251,10651528.5003672,10.098055829166666,77604,22679,3.421843996648882,1.2903225806451613,1.7976190476190477,True,True,0.0,13.35,,1.1256029178765812,1.0,,0.8772321712878669,0.9682284652758615,-0.4498408912074325,,,52.4,57.0,dòng tiền tự nhiên (Txs/Maker 3.4) | không transfer fee | RugCheck ok (1) | organicScore 88 (cao) | volume mua thật 1h 21% | social score 52,,https://www.geckoterminal.com/solana/pools/4R8CiMnJWDNoes3fQi1ccPFJygPXazaHaWpHrN3rZeNj,2026-09-20T05:13:21.316118+00:00
tipp4C4Jnpft26HC9VXNjUPidojZqxXf8nzKvrKf5BS,CJieB7FUMhEFMaEFjAxQJnkVXNMvaBm3DHHP8RTgBeG1,TIPPED,TIPPED / SOL,0.0005343274069206786,82485.3216,524907.868452909,0.15714247500825945,7124277.90896294,26.24396437861111,74979,19783,3.7900722842844865,1.0,1.065217391304348,True,True,0.0,12.56,,2.3672751220254575,10001.0,High market cap per holder,1.7640892776532677,1.1943809500432243,3.8100411196412414,,,58.4,87.0,dòng tiền tự nhiên (Txs/Maker 3.8) | buy/sell vol 5m 1.76 | LP/MC 16% (dày) | không transfer fee | MC <1M (sớm) | RugCheck ok (10001) | risks: High market cap per holder | organicScore 75 (cao) | social score 58,,https://www.geckoterminal.com/solana/pools/CJieB7FUMhEFMaEFjAxQJnkVXNMvaBm3DHHP8RTgBeG1,2026-09-20T19:17:30.776343+00:00
98kfF7rmsg1QDUEoCqNE7g7M1FdrTt92TEp2CLzypump,6e3jZLtf4tQbWZm3f7A66jF8tfZn6MRQVrbDFgcNWarA,PAID,PAID / SOL,0.011334351974018456,567368.6721,11225895.9674652,0.05054105914969667,9748628.19462698,119.90757552916666,52154,17205,3.031328102295844,1.129496402877698,1.9122085048010975,True,True,0.0,16.02,,0.35126625295757996,1.0,,1.1761498971172912,1.1408195898077074,0.40793109597689586,,,59.5,61.0,dòng tiền tự nhiên (Txs/Maker 3.0) | không transfer fee | RugCheck ok (1) | organicScore 75 (cao) | social score 60,,https://www.geckoterminal.com/solana/pools/6e3jZLtf4tQbWZm3f7A66jF8tfZn6MRQVrbDFgcNWarA,2026-09-20T19:17:32.601186+00:00
98kfF7rmsg1QDUEoCqNE7g7M1FdrTt92TEp2CLzypump,Gc5hVCBydc6k3Z7oc2cQEW4GThFQi2Fqk5HfKABqa2q8,PAID,PAID / SOL,0.011403674961075468,867022.4699,11359199.837683,0.07632777680552291,5528095.40252169,117.67979774388888,5663,2926,1.9354066985645932,7,5.296296296296297,True,True,0.0,16.02,,0.2301436463697128,1.0,,103.70591034126105,0.7321777327966059,-4.559800909276604,,,59.5,56.0,Txs/Maker 1.9 (ít giao dịch/ví) | buy/sell vol 5m 103.71 | không transfer fee | RugCheck ok (1) | organicScore 75 (cao) | social score 60,,https://www.geckoterminal.com/solana/pools/Gc5hVCBydc6k3Z7oc2cQEW4GThFQi2Fqk5HfKABqa2q8,2026-09-20T19:17:34.033948+00:00
EqFG72Z35r8cAV8mKu3UK2L8NUTR1ZNyMr88E4BnwN8Q,8WormohZAE1UHyEX65Y5njDzwgEiCPXskr5QhJRdk68d,ZEBRA,ZEBRA / SOL,0.0011571434886130747,110008.5313,1127460.58824853,0.09757195279960461,5563731.91060562,4.002251491666667,58356,16494,3.5380138232084395,1.3037037037037038,1.209480122324159,True,True,0.0,18.06,,1.7855782740720572,10001.0,High market cap per holder,0.739746431464119,0.7836182156105775,-3.7536988165105734,,,60.5,63.0,dòng tiền tự nhiên (Txs/Maker 3.5) | không transfer fee | RugCheck ok (10001) | risks: High market cap per holder | organicScore 81 (cao) | social score 60,,https://www.geckoterminal.com/solana/pools/8WormohZAE1UHyEX65Y5njDzwgEiCPXskr5QhJRdk68d,2026-09-21T01:22:05.935616+00:00
EKtmPPLaCbEEKiwoHHtV7TsRsmPXs5CMGtQtZFSiinsc,Bgf45Fjqeobgd5viMX8P8AfhiydRewEFKPd7nmcFNQRb,Stamp,Stamp / ZEC,0.004049801109318942,260575.5621,4049762.82,0.06434341310388147,13012839.0299981,11.794224864444445,78320,24159,3.241856037087628,2.7948717948717947,3.1666666666666665,True,True,0.0,15.54,,0.7616855064517827,10001.0,High market cap per holder,1.807739688641135,1.1950815096606746,-1.2217054392158344,,,57.8,65.0,dòng tiền tự nhiên (Txs/Maker 3.2) | buy/sell vol 5m 1.81 | không transfer fee | RugCheck ok (10001) | risks: High market cap per holder | organicScore 75 (cao) | holder tăng 1h +0.5% | social score 58,,https://www.geckoterminal.com/solana/pools/Bgf45Fjqeobgd5viMX8P8AfhiydRewEFKPd7nmcFNQRb,2026-09-21T06:32:27.191978+00:00
